order_id,order_time,expected_delivery,actual_delivery,no_of_pizzas,price
1,29-09-2023 21:22,29-09-2023 21:52,29-09-2023 21:52,8,59.25
2,03-06-2023 19:32,03-06-2023 20:02,03-06-2023 20:02,2,82.56
3,19-03-2023 18:14,19-03-2023 18:44,19-03-2023 18:44,5,77.7
4,21-06-2023 18:45,21-06-2023 19:15,21-06-2023 19:15,3,71.1
5,16-11-2023 20:24,16-11-2023 20:54,16-11-2023 20:54,1,72.74
6,01-06-2023 00:17,01-06-2023 00:47,01-06-2023 00:47,9,62.01
7,15-04-2023 15:29,15-04-2023 15:59,15-04-2023 15:59,8,59.82
8,03-11-2023 12:35,03-11-2023 13:05,03-11-2023 13:05,5,95.9
9,20-01-2023 21:36,20-01-2023 22:06,20-01-2023 22:06,6,52.15
10,31-07-2023 13:43,31-07-2023 14:13,31-07-2023 14:13,10,81.69
11,22-04-2023 17:13,22-04-2023 17:43,22-04-2023 17:43,6,59.05
12,24-07-2023 23:37,25-07-2023 00:07,25-07-2023 00:07,2,76.84
13,28-02-2023 10:21,28-02-2023 10:51,28-02-2023 10:51,1,27.16
14,17-07-2023 14:40,17-07-2023 15:10,17-07-2023 15:10,3,63.93
15,23-09-2023 13:17,23-09-2023 13:47,23-09-2023 13:47,6,93.79
16,07-10-2023 10:35,07-10-2023 11:05,07-10-2023 11:05,2,49.3
17,14-04-2023 02:34,14-04-2023 03:04,14-04-2023 03:04,9,23.39
18,22-01-2023 21:52,22-01-2023 22:22,22-01-2023 22:22,8,24.38
19,25-04-2023 14:08,25-04-2023 14:38,25-04-2023 14:38,8,49.31
20,19-11-2023 03:09,19-11-2023 03:39,19-11-2023 03:39,5,73.18
21,12-11-2023 15:37,12-11-2023 16:07,12-11-2023 16:07,9,49.36
22,24-06-2023 06:55,24-06-2023 07:25,24-06-2023 07:25,3,64.34
23,21-02-2023 08:54,21-02-2023 09:24,21-02-2023 09:24,3,43.15
24,03-02-2023 02:34,03-02-2023 03:04,03-02-2023 03:04,9,50.26
25,30-09-2023 13:12,30-09-2023 13:42,30-09-2023 13:42,5,65.59
26,25-03-2023 16:51,25-03-2023 17:21,,1,84.52
27,26-01-2023 21:43,26-01-2023 22:13,26-01-2023 22:13,9,96.48
28,29-06-2023 19:42,29-06-2023 20:12,29-06-2023 20:12,8,38.9
29,19-10-2023 23:53,20-10-2023 00:23,,10,94.67
30,09-07-2023 01:01,09-07-2023 01:31,,8,73.03
31,13-09-2023 20:01,13-09-2023 20:31,13-09-2023 20:31,7,79.04
32,10-09-2023 19:41,10-09-2023 20:11,10-09-2023 20:11,6,85.17
33,05-06-2023 12:46,05-06-2023 13:16,05-06-2023 13:21,8,58.98
34,04-12-2023 13:41,04-12-2023 14:11,04-12-2023 14:16,6,31.65
35,01-03-2023 06:22,01-03-2023 06:52,01-03-2023 06:57,6,47.65
36,06-12-2023 04:15,06-12-2023 04:45,06-12-2023 04:50,6,73.35
37,28-08-2023 13:53,28-08-2023 14:23,28-08-2023 14:28,6,62.1
38,28-10-2023 01:42,28-10-2023 02:12,28-10-2023 02:17,8,97.39
39,06-03-2023 00:14,06-03-2023 00:44,06-03-2023 00:49,4,29.6
40,18-12-2023 09:23,18-12-2023 09:53,18-12-2023 09:58,9,31.02
41,07-06-2023 20:38,07-06-2023 21:08,,4,35.57
42,14-09-2023 14:55,14-09-2023 15:25,,2,81.3
43,19-02-2023 09:21,19-02-2023 09:51,19-02-2023 09:51,4,86.1
44,28-02-2023 16:33,28-02-2023 17:03,28-02-2023 17:03,1,84.73
45,24-05-2023 11:59,24-05-2023 12:29,24-05-2023 12:29,8,88.74
46,05-02-2023 14:10,05-02-2023 14:40,05-02-2023 14:40,6,44.25
47,23-09-2023 00:51,23-09-2023 01:21,,8,94.97
48,13-02-2023 17:36,13-02-2023 18:06,13-02-2023 18:06,10,54.73
49,11-01-2023 07:09,11-01-2023 07:39,11-01-2023 07:39,1,52.44
50,23-04-2023 22:29,23-04-2023 22:59,23-04-2023 22:59,2,82.14
51,19-12-2023 21:16,19-12-2023 21:46,19-12-2023 21:46,4,33.64
52,16-12-2023 10:15,16-12-2023 10:45,16-12-2023 10:45,9,33.92
53,01-01-2023 13:00,01-01-2023 13:30,01-01-2023 13:30,8,61.33
54,08-08-2023 01:36,08-08-2023 02:06,08-08-2023 02:06,9,82.94
55,23-11-2023 03:38,23-11-2023 04:08,23-11-2023 04:08,4,70.99
56,24-08-2023 09:07,24-08-2023 09:37,24-08-2023 09:37,5,68.33
57,21-01-2023 15:00,21-01-2023 15:30,,6,24.74
58,11-07-2023 08:17,11-07-2023 08:47,,4,93.92
59,10-10-2023 15:18,10-10-2023 15:48,10-10-2023 15:48,8,69.99
60,05-08-2023 17:26,05-08-2023 17:56,05-08-2023 18:06,7,78.32
61,06-07-2023 11:54,06-07-2023 12:24,06-07-2023 12:34,8,83.95
62,06-09-2023 05:16,06-09-2023 05:46,06-09-2023 05:56,10,93.41
63,25-09-2023 15:20,25-09-2023 15:50,25-09-2023 16:00,9,20.08
64,30-05-2023 09:59,30-05-2023 10:29,30-05-2023 10:39,7,60.13
65,07-05-2023 07:37,07-05-2023 08:07,07-05-2023 08:17,4,77.24
66,07-11-2023 15:47,07-11-2023 16:17,07-11-2023 16:27,2,79.27
67,18-02-2023 19:39,18-02-2023 20:09,18-02-2023 20:19,9,73.77
68,12-05-2023 10:05,12-05-2023 10:35,12-05-2023 10:45,6,20.59
69,15-04-2023 05:56,15-04-2023 06:26,15-04-2023 06:36,8,74.02
70,06-09-2023 02:59,06-09-2023 03:29,06-09-2023 03:39,1,75.64
71,09-06-2023 08:49,09-06-2023 09:19,09-06-2023 09:19,7,27.17
72,04-04-2023 14:47,04-04-2023 15:17,04-04-2023 15:17,8,60.35
73,27-11-2023 00:04,27-11-2023 00:34,27-11-2023 00:34,3,92.13
74,14-03-2023 12:19,14-03-2023 12:49,14-03-2023 12:49,5,67.55
75,07-06-2023 16:28,07-06-2023 16:58,07-06-2023 16:58,2,31.17
76,29-07-2023 12:49,29-07-2023 13:19,29-07-2023 13:19,1,87.12
77,01-02-2023 16:42,01-02-2023 17:12,01-02-2023 17:12,1,48.96
78,25-07-2023 10:16,25-07-2023 10:46,25-07-2023 10:46,7,34.3
79,09-11-2023 06:52,09-11-2023 07:22,09-11-2023 07:22,7,86.32
80,11-04-2023 11:33,11-04-2023 12:03,11-04-2023 12:03,9,93.93
81,02-09-2023 20:35,02-09-2023 21:05,02-09-2023 21:05,9,65.04
82,22-01-2023 03:05,22-01-2023 03:35,22-01-2023 03:35,7,82.59
83,18-03-2023 03:13,18-03-2023 03:43,18-03-2023 03:43,1,66.28
84,17-08-2023 00:51,17-08-2023 01:21,17-08-2023 01:21,5,89.52
85,31-08-2023 03:19,31-08-2023 03:49,31-08-2023 03:49,4,70.3
86,24-05-2023 21:24,24-05-2023 21:54,24-05-2023 21:54,2,86.43
87,02-07-2023 00:36,02-07-2023 01:06,02-07-2023 01:06,6,23.61
88,15-02-2023 16:22,15-02-2023 16:52,15-02-2023 16:52,8,56.89
89,06-10-2023 01:43,06-10-2023 02:13,06-10-2023 02:13,2,68.22
90,25-04-2023 14:39,25-04-2023 15:09,25-04-2023 15:09,2,41.85
91,20-11-2023 17:50,20-11-2023 18:20,20-11-2023 18:20,8,24.06
92,24-10-2023 19:07,24-10-2023 19:37,24-10-2023 19:37,1,80.47
93,21-09-2023 01:36,21-09-2023 02:06,21-09-2023 02:06,10,47.75
94,29-12-2023 08:25,29-12-2023 08:55,29-12-2023 08:55,5,83.45
95,19-10-2023 16:44,19-10-2023 17:14,19-10-2023 17:14,5,83.37
96,05-03-2023 20:20,05-03-2023 20:50,05-03-2023 20:50,9,79.81
97,21-02-2023 10:20,21-02-2023 10:50,21-02-2023 10:50,1,49.01
98,01-05-2023 10:59,01-05-2023 11:29,01-05-2023 11:29,5,39.43
99,22-05-2023 06:52,22-05-2023 07:22,22-05-2023 07:22,10,44.04
100,18-05-2023 10:32,18-05-2023 11:02,18-05-2023 11:02,9,92.37
101,29-12-2023 11:17,29-12-2023 11:47,29-12-2023 11:47,4,64.71
102,04-08-2023 03:04,04-08-2023 03:34,04-08-2023 03:34,7,80.54
103,09-11-2023 10:52,09-11-2023 11:22,09-11-2023 11:22,5,28.75
104,01-04-2023 06:16,01-04-2023 06:46,01-04-2023 06:46,2,78.08
105,08-07-2023 02:25,08-07-2023 02:55,08-07-2023 02:55,9,92.42
106,14-06-2023 18:33,14-06-2023 19:03,14-06-2023 19:03,4,84.45
107,18-07-2023 17:43,18-07-2023 18:13,18-07-2023 18:13,4,36.49
108,04-10-2023 04:25,04-10-2023 04:55,04-10-2023 04:55,1,85.84
109,22-12-2023 09:00,22-12-2023 09:30,,8,54.17
110,22-04-2023 16:02,22-04-2023 16:32,22-04-2023 16:32,10,23.3
111,04-11-2023 06:40,04-11-2023 07:10,04-11-2023 07:10,3,77.63
112,02-02-2023 19:47,02-02-2023 20:17,02-02-2023 20:17,2,38.44
113,10-07-2023 01:11,10-07-2023 01:41,10-07-2023 01:41,8,37.37
114,07-04-2023 07:54,07-04-2023 08:24,07-04-2023 08:24,3,74.39
115,16-12-2023 03:20,16-12-2023 03:50,16-12-2023 03:50,10,27.77
116,04-11-2023 08:02,04-11-2023 08:32,04-11-2023 08:32,9,91.16
117,30-05-2023 10:36,30-05-2023 11:06,30-05-2023 11:06,9,48.91
118,23-03-2023 06:52,23-03-2023 07:22,23-03-2023 07:22,3,62.47
119,04-04-2023 16:24,04-04-2023 16:54,04-04-2023 16:54,10,23.63
120,06-10-2023 04:12,06-10-2023 04:42,06-10-2023 04:42,6,59.28
121,25-06-2023 09:31,25-06-2023 10:01,25-06-2023 10:01,4,28.54
122,24-05-2023 15:31,24-05-2023 16:01,24-05-2023 16:01,9,92.76
123,07-09-2023 16:11,07-09-2023 16:41,07-09-2023 16:41,6,36.29
124,01-04-2023 05:24,01-04-2023 05:54,01-04-2023 05:54,5,77.22
125,21-08-2023 18:34,21-08-2023 19:04,21-08-2023 19:04,9,22.95
126,22-06-2023 15:36,22-06-2023 16:06,22-06-2023 16:06,8,93.48
127,29-09-2023 01:39,29-09-2023 02:09,29-09-2023 02:09,2,22.04
128,07-02-2023 13:00,07-02-2023 13:30,07-02-2023 13:30,1,54.95
129,20-11-2023 14:17,20-11-2023 14:47,20-11-2023 14:47,9,53.04
130,21-09-2023 02:29,21-09-2023 02:59,21-09-2023 02:59,9,54.84
131,21-03-2023 02:14,21-03-2023 02:44,21-03-2023 02:44,9,34.65
132,18-10-2023 17:50,18-10-2023 18:20,18-10-2023 18:20,7,85.61
133,19-11-2023 02:25,19-11-2023 02:55,19-11-2023 02:55,7,77.88
134,20-05-2023 16:06,20-05-2023 16:36,20-05-2023 16:36,6,74.21
135,13-11-2023 11:11,13-11-2023 11:41,13-11-2023 11:41,6,63.9
136,19-04-2023 01:10,19-04-2023 01:40,19-04-2023 01:40,7,66.2
137,22-02-2023 00:04,22-02-2023 00:34,22-02-2023 00:34,10,69.9
138,21-09-2023 13:28,21-09-2023 13:58,21-09-2023 13:58,3,89.36
139,22-09-2023 17:58,22-09-2023 18:28,22-09-2023 18:28,7,82.67
140,14-06-2023 21:10,14-06-2023 21:40,14-06-2023 21:40,5,88.95
141,02-06-2023 01:40,02-06-2023 02:10,02-06-2023 02:10,7,33.49
142,28-07-2023 20:13,28-07-2023 20:43,28-07-2023 20:43,7,92.68
143,04-10-2023 23:25,04-10-2023 23:55,04-10-2023 23:55,4,39.39
144,13-06-2023 10:06,13-06-2023 10:36,,4,85.23
145,12-05-2023 13:19,12-05-2023 13:49,12-05-2023 13:49,5,64.32
146,31-05-2023 21:16,31-05-2023 21:46,31-05-2023 21:46,2,24.22
147,22-09-2023 00:50,22-09-2023 01:20,22-09-2023 01:20,8,97.53
148,26-06-2023 23:32,27-06-2023 00:02,27-06-2023 00:02,7,35.3
149,27-07-2023 16:08,27-07-2023 16:38,27-07-2023 16:38,3,74.4
150,15-09-2023 04:01,15-09-2023 04:31,,9,98.18
151,27-09-2023 20:16,27-09-2023 20:46,27-09-2023 20:46,9,77.13
152,07-03-2023 18:32,07-03-2023 19:02,07-03-2023 19:02,8,55.36
153,03-09-2023 01:12,03-09-2023 01:42,03-09-2023 01:42,9,56.26
154,05-01-2023 06:58,05-01-2023 07:28,05-01-2023 07:28,6,71.56
155,13-10-2023 08:54,13-10-2023 09:24,13-10-2023 09:24,9,33.35
156,13-05-2023 23:35,14-05-2023 00:05,14-05-2023 00:05,2,59.29
157,02-04-2023 20:02,02-04-2023 20:32,02-04-2023 20:32,10,25.97
158,29-11-2023 15:07,29-11-2023 15:37,29-11-2023 15:37,4,69.1
159,12-12-2023 15:18,12-12-2023 15:48,12-12-2023 15:48,8,62.75
160,29-11-2023 04:36,29-11-2023 05:06,29-11-2023 05:06,10,58.97
161,09-08-2023 11:34,09-08-2023 12:04,09-08-2023 12:04,2,56.9
162,06-12-2023 15:56,06-12-2023 16:26,06-12-2023 16:26,2,21.2
163,19-12-2023 14:25,19-12-2023 14:55,19-12-2023 14:55,9,26.05
164,08-11-2023 07:15,08-11-2023 07:45,08-11-2023 07:45,7,96.3
165,26-09-2023 21:55,26-09-2023 22:25,26-09-2023 22:25,7,60.89
166,09-06-2023 05:22,09-06-2023 05:52,09-06-2023 05:52,10,89.14
167,16-09-2023 06:27,16-09-2023 06:57,16-09-2023 06:57,5,50.45
168,15-03-2023 18:06,15-03-2023 18:36,,6,56.24
169,28-04-2023 19:07,28-04-2023 19:37,28-04-2023 19:37,6,20.51
170,18-02-2023 03:54,18-02-2023 04:24,18-02-2023 04:24,8,54.59
171,27-11-2023 09:02,27-11-2023 09:32,27-11-2023 09:32,9,85.63
172,12-04-2023 06:00,12-04-2023 06:30,12-04-2023 06:30,2,39.53
173,28-05-2023 07:00,28-05-2023 07:30,28-05-2023 07:30,7,71.08
174,05-05-2023 15:39,05-05-2023 16:09,05-05-2023 16:09,7,64.24
175,31-05-2023 00:39,31-05-2023 01:09,31-05-2023 01:09,7,43.21
176,24-10-2023 00:39,24-10-2023 01:09,24-10-2023 01:09,1,97.41
177,18-12-2023 11:25,18-12-2023 11:55,18-12-2023 11:55,3,45.04
178,08-01-2023 09:08,08-01-2023 09:38,,2,20.27
179,30-04-2023 05:03,30-04-2023 05:33,30-04-2023 05:33,3,72.41
180,31-07-2023 00:59,31-07-2023 01:29,31-07-2023 01:36,3,87.24
181,24-09-2023 01:37,24-09-2023 02:07,24-09-2023 02:14,8,76.15
182,10-03-2023 11:01,10-03-2023 11:31,10-03-2023 11:38,3,62.33
183,31-08-2023 02:50,31-08-2023 03:20,31-08-2023 03:27,7,62.54
184,08-10-2023 08:24,08-10-2023 08:54,08-10-2023 09:01,4,49.81
185,25-08-2023 13:30,25-08-2023 14:00,25-08-2023 14:07,3,91.61
186,20-03-2023 21:50,20-03-2023 22:20,20-03-2023 22:27,4,45.56
187,16-09-2023 10:35,16-09-2023 11:05,16-09-2023 11:12,4,20
188,14-07-2023 10:30,14-07-2023 11:00,14-07-2023 11:07,4,64.37
189,31-10-2023 09:30,31-10-2023 10:00,31-10-2023 10:07,2,31.74
190,15-04-2023 10:27,15-04-2023 10:57,15-04-2023 11:04,1,63.59
191,01-11-2023 23:48,02-11-2023 00:18,02-11-2023 00:18,3,45.25
192,05-01-2023 22:39,05-01-2023 23:09,05-01-2023 23:09,9,92.15
193,28-07-2023 14:36,28-07-2023 15:06,28-07-2023 15:06,2,96.53
194,03-04-2023 01:09,03-04-2023 01:39,03-04-2023 01:39,10,69.85
195,01-03-2023 11:42,01-03-2023 12:12,01-03-2023 12:12,5,22.31
196,14-11-2023 00:16,14-11-2023 00:46,14-11-2023 00:46,2,95.03
197,14-06-2023 22:20,14-06-2023 22:50,14-06-2023 22:50,9,91.23
198,31-10-2023 02:56,31-10-2023 03:26,31-10-2023 03:26,7,26.28
199,29-04-2023 15:42,29-04-2023 16:12,29-04-2023 16:12,6,40.41
200,18-12-2023 11:24,18-12-2023 11:54,18-12-2023 11:54,1,54.61
201,21-08-2023 14:27,21-08-2023 14:57,21-08-2023 14:57,7,74.33
202,24-12-2023 13:41,24-12-2023 14:11,24-12-2023 14:11,6,68.39
203,20-08-2023 03:02,20-08-2023 03:32,20-08-2023 03:32,5,42.55
204,11-06-2023 15:33,11-06-2023 16:03,11-06-2023 16:03,10,86.36
205,13-09-2023 14:41,13-09-2023 15:11,13-09-2023 15:11,2,69.15
206,16-09-2023 22:53,16-09-2023 23:23,,8,74.47
207,09-01-2023 17:39,09-01-2023 18:09,09-01-2023 18:09,5,99.64
208,12-03-2023 17:44,12-03-2023 18:14,12-03-2023 18:14,3,27.19
209,30-09-2023 20:59,30-09-2023 21:29,30-09-2023 21:29,5,23.16
210,17-12-2023 18:28,17-12-2023 18:58,17-12-2023 18:58,3,59.71
211,16-09-2023 16:45,16-09-2023 17:15,,1,26.1
212,04-04-2023 14:32,04-04-2023 15:02,04-04-2023 15:02,4,77.07
213,04-05-2023 01:35,04-05-2023 02:05,04-05-2023 02:05,3,31.44
214,20-01-2023 20:09,20-01-2023 20:39,20-01-2023 20:39,5,86.9
215,30-01-2023 05:30,30-01-2023 06:00,30-01-2023 06:00,1,52.81
216,19-11-2023 22:42,19-11-2023 23:12,19-11-2023 23:12,3,93.66
217,09-09-2023 00:01,09-09-2023 00:31,09-09-2023 00:31,1,30.63
218,25-04-2023 23:00,25-04-2023 23:30,25-04-2023 23:30,3,39.8
219,26-06-2023 22:35,26-06-2023 23:05,26-06-2023 23:05,7,40.57
220,17-10-2023 17:27,17-10-2023 17:57,,2,80.09
221,27-02-2023 19:13,27-02-2023 19:43,27-02-2023 19:43,5,54.65
222,19-08-2023 02:17,19-08-2023 02:47,19-08-2023 02:47,6,73.98
223,08-09-2023 10:28,08-09-2023 10:58,08-09-2023 10:58,3,61.09
224,26-08-2023 23:29,26-08-2023 23:59,26-08-2023 23:59,8,93.28
225,22-10-2023 23:55,23-10-2023 00:25,23-10-2023 00:25,10,40.2
226,16-04-2023 05:46,16-04-2023 06:16,16-04-2023 06:16,2,43.04
227,24-11-2023 00:41,24-11-2023 01:11,24-11-2023 01:11,8,69.67
228,29-09-2023 06:03,29-09-2023 06:33,29-09-2023 06:33,6,21.81
229,15-05-2023 14:17,15-05-2023 14:47,15-05-2023 14:47,7,36.57
230,23-09-2023 06:36,23-09-2023 07:06,23-09-2023 07:06,4,66.09
231,27-11-2023 00:37,27-11-2023 01:07,27-11-2023 01:07,10,37.56
232,30-07-2023 01:01,30-07-2023 01:31,30-07-2023 01:31,4,77.66
233,28-07-2023 06:51,28-07-2023 07:21,28-07-2023 07:21,8,83.41
234,07-09-2023 14:01,07-09-2023 14:31,07-09-2023 14:31,8,23.44
235,25-01-2023 05:26,25-01-2023 05:56,,3,58.97
236,04-02-2023 10:08,04-02-2023 10:38,04-02-2023 10:38,7,36.23
237,03-02-2023 08:46,03-02-2023 09:16,03-02-2023 09:16,5,34.55
238,23-10-2023 09:57,23-10-2023 10:27,23-10-2023 10:27,8,42.76
239,28-08-2023 16:05,28-08-2023 16:35,28-08-2023 16:35,5,87.45
240,12-06-2023 20:18,12-06-2023 20:48,12-06-2023 20:48,8,99.46
241,17-11-2023 08:24,17-11-2023 08:54,17-11-2023 08:54,2,30.88
242,03-10-2023 19:30,03-10-2023 20:00,03-10-2023 20:00,6,77.97
243,06-01-2023 10:28,06-01-2023 10:58,06-01-2023 10:58,2,78.09
244,11-02-2023 00:31,11-02-2023 01:01,11-02-2023 01:01,9,49.02
245,21-09-2023 08:49,21-09-2023 09:19,21-09-2023 09:19,5,70.71
246,11-02-2023 10:46,11-02-2023 11:16,11-02-2023 11:16,5,92.29
247,01-11-2023 13:33,01-11-2023 14:03,01-11-2023 14:03,1,57.11
248,21-09-2023 10:27,21-09-2023 10:57,21-09-2023 10:57,6,63.71
249,11-05-2023 20:57,11-05-2023 21:27,11-05-2023 21:27,4,91.06
250,25-03-2023 00:01,25-03-2023 00:31,25-03-2023 00:31,10,91.24
251,13-11-2023 21:02,13-11-2023 21:32,13-11-2023 21:32,7,34.23
252,01-08-2023 00:16,01-08-2023 00:46,01-08-2023 00:46,10,20.19
253,01-05-2023 00:46,01-05-2023 01:16,01-05-2023 01:16,2,98.8
254,22-11-2023 07:35,22-11-2023 08:05,22-11-2023 08:20,5,33.7
255,10-10-2023 15:23,10-10-2023 15:53,10-10-2023 16:08,1,83.28
256,01-07-2023 06:52,01-07-2023 07:22,01-07-2023 07:37,1,71.26
257,05-11-2023 05:53,05-11-2023 06:23,05-11-2023 06:38,7,88.87
258,08-03-2023 06:19,08-03-2023 06:49,08-03-2023 07:04,3,84.02
259,05-09-2023 04:35,05-09-2023 05:05,05-09-2023 05:20,10,58.85
260,10-12-2023 09:34,10-12-2023 10:04,10-12-2023 10:19,8,31.83
261,18-08-2023 16:34,18-08-2023 17:04,18-08-2023 17:19,8,97.05
262,19-02-2023 04:45,19-02-2023 05:15,19-02-2023 05:30,9,47.87
263,19-11-2023 04:49,19-11-2023 05:19,19-11-2023 05:34,1,62.22
264,14-08-2023 15:27,14-08-2023 15:57,14-08-2023 16:12,8,27.24
265,10-09-2023 16:11,10-09-2023 16:41,10-09-2023 16:56,7,31.67
266,02-06-2023 04:07,02-06-2023 04:37,02-06-2023 04:37,4,28.22
267,19-11-2023 04:09,19-11-2023 04:39,,7,33.4
268,23-04-2023 07:15,23-04-2023 07:45,23-04-2023 07:45,1,97.32
269,10-03-2023 01:29,10-03-2023 01:59,,10,36.77
270,01-08-2023 06:17,01-08-2023 06:47,01-08-2023 06:47,3,57.9
271,13-12-2023 21:55,13-12-2023 22:25,13-12-2023 22:25,5,75.97
272,16-01-2023 01:55,16-01-2023 02:25,16-01-2023 02:25,7,74.27
273,04-12-2023 15:49,04-12-2023 16:19,04-12-2023 16:19,5,89.94
274,22-04-2023 19:46,22-04-2023 20:16,22-04-2023 20:16,1,23.19
275,22-06-2023 11:25,22-06-2023 11:55,22-06-2023 11:55,2,63.98
276,03-04-2023 01:51,03-04-2023 02:21,03-04-2023 02:21,9,39.18
277,03-08-2023 01:53,03-08-2023 02:23,03-08-2023 02:23,1,95.82
278,04-01-2023 07:52,04-01-2023 08:22,04-01-2023 08:22,4,72.79
279,27-10-2023 14:23,27-10-2023 14:53,27-10-2023 14:53,10,52.15
280,28-09-2023 16:56,28-09-2023 17:26,28-09-2023 17:26,9,86.32
281,02-05-2023 08:07,02-05-2023 08:37,02-05-2023 08:37,5,61.38
282,14-02-2023 05:57,14-02-2023 06:27,14-02-2023 06:27,9,42.23
283,07-07-2023 11:47,07-07-2023 12:17,07-07-2023 12:17,9,77.67
284,27-06-2023 00:51,27-06-2023 01:21,27-06-2023 01:21,10,85.22
285,18-10-2023 23:28,18-10-2023 23:58,18-10-2023 23:58,8,64.3
286,04-02-2023 05:46,04-02-2023 06:16,04-02-2023 06:16,6,69.9
287,18-11-2023 14:05,18-11-2023 14:35,18-11-2023 14:35,10,58.38
288,16-11-2023 13:03,16-11-2023 13:33,16-11-2023 13:33,2,20.89
289,22-11-2023 15:59,22-11-2023 16:29,22-11-2023 16:29,5,33.27
290,06-05-2023 10:23,06-05-2023 10:53,06-05-2023 10:53,1,30.26
291,28-08-2023 11:43,28-08-2023 12:13,28-08-2023 12:13,9,31.05
292,12-12-2023 11:01,12-12-2023 11:31,12-12-2023 11:31,10,84.19
293,03-12-2023 04:01,03-12-2023 04:31,03-12-2023 04:31,1,54.66
294,07-08-2023 03:34,07-08-2023 04:04,07-08-2023 04:04,9,63.45
295,06-10-2023 05:07,06-10-2023 05:37,06-10-2023 05:37,1,73.23
296,26-06-2023 17:21,26-06-2023 17:51,26-06-2023 17:51,2,28.63
297,05-05-2023 02:02,05-05-2023 02:32,05-05-2023 02:32,1,84.13
298,02-10-2023 14:04,02-10-2023 14:34,02-10-2023 14:34,6,72.43
299,16-05-2023 02:16,16-05-2023 02:46,16-05-2023 02:46,3,52.78
300,29-08-2023 07:19,29-08-2023 07:49,29-08-2023 07:49,2,61.49
301,27-08-2023 12:31,27-08-2023 13:01,27-08-2023 13:01,7,99.85
302,07-07-2023 06:26,07-07-2023 06:56,07-07-2023 06:56,6,52.18
303,22-01-2023 08:23,22-01-2023 08:53,22-01-2023 08:53,3,29.18
304,16-10-2023 01:02,16-10-2023 01:32,16-10-2023 01:32,1,47.23
305,18-08-2023 04:59,18-08-2023 05:29,18-08-2023 05:29,6,64.42
306,12-07-2023 00:45,12-07-2023 01:15,12-07-2023 01:15,5,37.3
307,02-10-2023 08:58,02-10-2023 09:28,02-10-2023 09:28,1,76.15
308,06-04-2023 15:01,06-04-2023 15:31,06-04-2023 15:31,8,71.38
309,13-06-2023 07:02,13-06-2023 07:32,13-06-2023 07:32,2,75.8
310,26-02-2023 07:51,26-02-2023 08:21,26-02-2023 08:21,5,41.84
311,09-03-2023 16:53,09-03-2023 17:23,09-03-2023 17:23,8,36.11
312,19-11-2023 01:35,19-11-2023 02:05,19-11-2023 02:05,2,83.31
313,27-02-2023 02:59,27-02-2023 03:29,27-02-2023 03:29,6,41.64
314,06-11-2023 03:00,06-11-2023 03:30,06-11-2023 03:30,5,83.08
315,23-02-2023 12:05,23-02-2023 12:35,23-02-2023 12:35,6,20.97
316,21-10-2023 23:05,21-10-2023 23:35,21-10-2023 23:35,2,21.57
317,11-10-2023 10:22,11-10-2023 10:52,11-10-2023 10:52,9,88.91
318,06-03-2023 00:56,06-03-2023 01:26,06-03-2023 01:26,6,41.62
319,05-11-2023 00:00,05-11-2023 00:30,05-11-2023 00:30,4,77.9
320,13-08-2023 21:56,13-08-2023 22:26,13-08-2023 22:26,4,83.59
321,07-07-2023 17:40,07-07-2023 18:10,07-07-2023 18:10,8,75.35
322,27-08-2023 05:39,27-08-2023 06:09,27-08-2023 06:09,4,26.6
323,04-12-2023 09:45,04-12-2023 10:15,04-12-2023 10:15,1,64.54
324,26-08-2023 15:07,26-08-2023 15:37,26-08-2023 15:37,7,39.49
325,22-06-2023 13:32,22-06-2023 14:02,22-06-2023 14:02,10,95.82
326,12-05-2023 01:35,12-05-2023 02:05,12-05-2023 02:05,8,68.27
327,30-06-2023 11:20,30-06-2023 11:50,30-06-2023 11:50,2,32.92
328,21-08-2023 17:16,21-08-2023 17:46,21-08-2023 17:46,7,60.78
329,13-10-2023 19:32,13-10-2023 20:02,13-10-2023 20:02,7,99.34
330,18-10-2023 03:50,18-10-2023 04:20,,10,94.78
331,07-10-2023 20:52,07-10-2023 21:22,07-10-2023 21:22,2,95.61
332,21-07-2023 13:56,21-07-2023 14:26,21-07-2023 14:26,5,23.85
333,14-12-2023 11:04,14-12-2023 11:34,14-12-2023 11:34,1,81.41
334,10-05-2023 07:22,10-05-2023 07:52,10-05-2023 07:52,10,65.83
335,21-05-2023 11:02,21-05-2023 11:32,21-05-2023 11:32,2,94.17
336,05-01-2023 06:48,05-01-2023 07:18,05-01-2023 07:18,9,75.13
337,09-06-2023 01:31,09-06-2023 02:01,09-06-2023 02:01,7,21.98
338,13-08-2023 06:02,13-08-2023 06:32,13-08-2023 06:32,4,67.26
339,01-09-2023 21:57,01-09-2023 22:27,01-09-2023 22:27,3,76.62
340,05-04-2023 00:49,05-04-2023 01:19,05-04-2023 01:19,9,65.35
341,13-06-2023 15:54,13-06-2023 16:24,13-06-2023 16:24,7,89.85
342,24-07-2023 13:49,24-07-2023 14:19,24-07-2023 14:19,5,57.86
343,16-04-2023 17:43,16-04-2023 18:13,16-04-2023 18:13,3,32.57
344,04-05-2023 12:26,04-05-2023 12:56,04-05-2023 12:56,6,40
345,19-02-2023 20:29,19-02-2023 20:59,,5,45.22
346,01-11-2023 05:26,01-11-2023 05:56,01-11-2023 05:56,2,69.42
347,07-08-2023 12:45,07-08-2023 13:15,,7,57.92
348,29-01-2023 22:36,29-01-2023 23:06,29-01-2023 23:06,6,85.45
349,10-08-2023 08:07,10-08-2023 08:37,10-08-2023 08:37,2,67.63
350,21-01-2023 02:17,21-01-2023 02:47,21-01-2023 02:47,1,29.18
351,01-08-2023 18:05,01-08-2023 18:35,01-08-2023 18:35,3,85.1
352,15-09-2023 17:00,15-09-2023 17:30,,8,54.59
353,10-03-2023 14:27,10-03-2023 14:57,10-03-2023 14:57,8,64.17
354,30-01-2023 22:52,30-01-2023 23:22,30-01-2023 23:22,5,76.92
355,02-05-2023 04:04,02-05-2023 04:34,02-05-2023 04:34,2,39.69
356,02-06-2023 18:08,02-06-2023 18:38,02-06-2023 18:38,10,70.82
357,20-04-2023 08:07,20-04-2023 08:37,20-04-2023 08:37,1,61.24
358,27-05-2023 10:38,27-05-2023 11:08,27-05-2023 11:08,7,95.99
359,07-11-2023 03:44,07-11-2023 04:14,07-11-2023 04:14,10,35.94
360,02-07-2023 05:40,02-07-2023 06:10,02-07-2023 06:10,2,75.14
361,27-04-2023 15:15,27-04-2023 15:45,27-04-2023 15:45,1,99.5
362,25-04-2023 00:46,25-04-2023 01:16,25-04-2023 01:16,3,22.38
363,23-10-2023 09:54,23-10-2023 10:24,23-10-2023 10:24,2,99.9
364,28-08-2023 08:29,28-08-2023 08:59,28-08-2023 08:59,1,35.66
365,12-03-2023 22:36,12-03-2023 23:06,12-03-2023 23:06,7,88.86
366,29-11-2023 12:29,29-11-2023 12:59,29-11-2023 12:59,8,99.4
367,17-12-2023 02:45,17-12-2023 03:15,17-12-2023 03:15,1,39.65
368,06-04-2023 05:52,06-04-2023 06:22,06-04-2023 06:22,9,70.91
369,16-07-2023 16:56,16-07-2023 17:26,16-07-2023 17:26,6,39.37
370,07-06-2023 00:03,07-06-2023 00:33,07-06-2023 00:33,7,50.21
371,02-01-2023 05:25,02-01-2023 05:55,02-01-2023 05:55,1,71.57
372,22-01-2023 09:17,22-01-2023 09:47,22-01-2023 09:47,8,30.41
373,05-02-2023 13:27,05-02-2023 13:57,05-02-2023 13:57,1,98.53
374,12-02-2023 13:43,12-02-2023 14:13,12-02-2023 14:13,3,70.59
375,16-08-2023 10:57,16-08-2023 11:27,16-08-2023 11:27,6,53.18
376,13-08-2023 15:32,13-08-2023 16:02,,2,85.07
377,15-01-2023 06:16,15-01-2023 06:46,15-01-2023 06:46,7,46.42
378,10-11-2023 18:23,10-11-2023 18:53,10-11-2023 18:53,3,94.59
379,11-09-2023 01:06,11-09-2023 01:36,11-09-2023 01:36,7,70.16
380,09-08-2023 19:26,09-08-2023 19:56,09-08-2023 19:56,3,93.51
381,11-12-2023 08:21,11-12-2023 08:51,11-12-2023 08:51,4,90.59
382,10-06-2023 21:22,10-06-2023 21:52,10-06-2023 21:52,5,44.55
383,03-05-2023 21:07,03-05-2023 21:37,03-05-2023 21:37,8,59.34
384,17-05-2023 11:48,17-05-2023 12:18,17-05-2023 12:18,2,43.11
385,05-08-2023 10:22,05-08-2023 10:52,05-08-2023 10:52,3,66.48
386,11-03-2023 19:18,11-03-2023 19:48,11-03-2023 19:48,3,64.88
387,24-12-2023 06:00,24-12-2023 06:30,24-12-2023 06:30,2,90.22
388,01-12-2023 06:51,01-12-2023 07:21,01-12-2023 07:21,5,57.69
389,25-09-2023 19:15,25-09-2023 19:45,25-09-2023 19:45,4,53.52
390,20-05-2023 17:00,20-05-2023 17:30,20-05-2023 17:30,2,96.14
391,24-08-2023 22:30,24-08-2023 23:00,24-08-2023 23:00,6,32.09
392,14-02-2023 13:05,14-02-2023 13:35,14-02-2023 13:35,7,82.28
393,11-05-2023 23:59,12-05-2023 00:29,12-05-2023 00:29,2,64.37
394,18-01-2023 12:16,18-01-2023 12:46,18-01-2023 12:46,10,99.86
395,04-08-2023 13:50,04-08-2023 14:20,04-08-2023 14:20,8,22.37
396,19-05-2023 12:09,19-05-2023 12:39,19-05-2023 12:39,8,55.29
397,17-05-2023 17:37,17-05-2023 18:07,17-05-2023 18:07,8,60.94
398,26-09-2023 23:53,27-09-2023 00:23,27-09-2023 00:23,2,82.71
399,16-04-2023 03:54,16-04-2023 04:24,16-04-2023 04:24,3,79.6
400,08-02-2023 07:32,08-02-2023 08:02,08-02-2023 08:02,3,48.78
401,02-06-2023 20:30,02-06-2023 21:00,02-06-2023 21:00,7,87.37
402,10-12-2023 08:01,10-12-2023 08:31,10-12-2023 08:31,1,85.63
403,02-11-2023 21:26,02-11-2023 21:56,02-11-2023 21:56,9,71.5
404,25-10-2023 12:26,25-10-2023 12:56,25-10-2023 12:56,10,73
405,08-05-2023 01:09,08-05-2023 01:39,08-05-2023 01:39,3,21.35
406,24-09-2023 11:46,24-09-2023 12:16,24-09-2023 12:16,5,52.37
407,03-08-2023 07:42,03-08-2023 08:12,03-08-2023 08:12,10,90.04
408,21-03-2023 11:30,21-03-2023 12:00,21-03-2023 12:00,5,49.04
409,06-12-2023 20:21,06-12-2023 20:51,06-12-2023 20:51,8,50.53
410,10-10-2023 19:49,10-10-2023 20:19,10-10-2023 20:19,4,94.28
411,10-05-2023 01:32,10-05-2023 02:02,10-05-2023 02:02,1,33.14
412,13-08-2023 06:43,13-08-2023 07:13,13-08-2023 07:13,3,61.58
413,29-10-2023 08:31,29-10-2023 09:01,29-10-2023 09:01,2,56.42
414,20-09-2023 17:26,20-09-2023 17:56,20-09-2023 17:56,7,43.09
415,14-10-2023 16:03,14-10-2023 16:33,14-10-2023 16:33,7,46.46
416,10-04-2023 10:51,10-04-2023 11:21,10-04-2023 11:21,3,40
417,26-01-2023 04:00,26-01-2023 04:30,26-01-2023 04:30,6,23.23
418,17-11-2023 06:03,17-11-2023 06:33,17-11-2023 06:33,6,51.52
419,07-05-2023 04:16,07-05-2023 04:46,07-05-2023 04:46,7,24.77
420,08-02-2023 18:57,08-02-2023 19:27,08-02-2023 19:27,1,76.84
421,15-01-2023 06:30,15-01-2023 07:00,15-01-2023 07:00,6,55.6
422,14-07-2023 18:52,14-07-2023 19:22,14-07-2023 19:22,4,76.23
423,06-10-2023 10:35,06-10-2023 11:05,06-10-2023 11:05,4,74.83
424,11-10-2023 01:21,11-10-2023 01:51,11-10-2023 01:51,4,55.54
425,23-12-2023 11:47,23-12-2023 12:17,23-12-2023 12:17,4,74.36
426,10-05-2023 15:36,10-05-2023 16:06,10-05-2023 16:06,5,98.59
427,08-06-2023 23:33,09-06-2023 00:03,09-06-2023 00:03,1,73.02
428,21-01-2023 19:36,21-01-2023 20:06,21-01-2023 20:06,5,33.38
429,10-10-2023 13:11,10-10-2023 13:41,10-10-2023 13:41,3,87.28
430,13-02-2023 15:37,13-02-2023 16:07,13-02-2023 16:07,9,61.36
431,06-02-2023 00:55,06-02-2023 01:25,06-02-2023 01:25,2,28.18
432,09-08-2023 00:26,09-08-2023 00:56,09-08-2023 00:56,9,32.84
433,03-02-2023 01:09,03-02-2023 01:39,03-02-2023 01:39,4,85.97
434,26-10-2023 09:56,26-10-2023 10:26,26-10-2023 10:26,3,25.58
435,10-07-2023 13:50,10-07-2023 14:20,10-07-2023 14:20,3,83.85
436,01-09-2023 15:09,01-09-2023 15:39,01-09-2023 15:39,4,64.72
437,26-08-2023 04:48,26-08-2023 05:18,26-08-2023 05:18,7,66.1
438,20-05-2023 11:03,20-05-2023 11:33,20-05-2023 11:33,7,45.95
439,30-04-2023 01:25,30-04-2023 01:55,30-04-2023 01:55,2,49.32
440,29-05-2023 12:12,29-05-2023 12:42,29-05-2023 12:42,7,33.43
441,24-01-2023 12:04,24-01-2023 12:34,24-01-2023 12:34,5,29.74
442,31-10-2023 10:40,31-10-2023 11:10,31-10-2023 11:10,3,87.27
443,13-08-2023 22:11,13-08-2023 22:41,13-08-2023 22:43,10,91.84
444,14-05-2023 17:43,14-05-2023 18:13,14-05-2023 18:15,10,95.23
445,13-01-2023 23:40,14-01-2023 00:10,14-01-2023 00:12,6,27.7
446,13-06-2023 16:25,13-06-2023 16:55,13-06-2023 16:57,4,22.06
447,02-04-2023 17:29,02-04-2023 17:59,02-04-2023 18:01,10,45.73
448,29-04-2023 00:16,29-04-2023 00:46,29-04-2023 00:48,8,44.27
449,26-11-2023 03:45,26-11-2023 04:15,26-11-2023 04:17,3,67.98
450,07-07-2023 19:03,07-07-2023 19:33,07-07-2023 19:35,1,57.25
451,07-08-2023 20:14,07-08-2023 20:44,07-08-2023 20:46,7,25.21
452,17-02-2023 18:52,17-02-2023 19:22,17-02-2023 19:24,4,86.87
453,06-01-2023 09:45,06-01-2023 10:15,06-01-2023 10:17,5,70.61
454,21-01-2023 21:24,21-01-2023 21:54,21-01-2023 21:56,6,56.88
455,25-11-2023 16:30,25-11-2023 17:00,25-11-2023 17:02,7,87.35
456,23-09-2023 14:02,23-09-2023 14:32,23-09-2023 14:34,4,32.59
457,24-11-2023 23:03,24-11-2023 23:33,24-11-2023 23:35,8,33.73
458,10-02-2023 08:49,10-02-2023 09:19,10-02-2023 09:21,8,57.85
459,31-05-2023 20:35,31-05-2023 21:05,31-05-2023 21:07,4,52.39
460,03-12-2023 23:22,03-12-2023 23:52,03-12-2023 23:54,2,95.58
461,30-12-2023 17:19,30-12-2023 17:49,30-12-2023 17:51,9,68.78
462,11-05-2023 22:22,11-05-2023 22:52,11-05-2023 22:54,3,21.36
463,28-06-2023 10:08,28-06-2023 10:38,28-06-2023 10:40,7,88.1
464,14-05-2023 00:59,14-05-2023 01:29,14-05-2023 01:31,6,89.55
465,13-10-2023 14:15,13-10-2023 14:45,13-10-2023 14:47,4,21.23
466,16-06-2023 23:07,16-06-2023 23:37,16-06-2023 23:39,7,71.45
467,09-04-2023 14:05,09-04-2023 14:35,09-04-2023 14:37,10,24.81
468,27-10-2023 17:01,27-10-2023 17:31,27-10-2023 17:33,5,97.82
469,30-11-2023 15:32,30-11-2023 16:02,30-11-2023 16:04,5,20.48
470,06-12-2023 10:47,06-12-2023 11:17,06-12-2023 11:19,4,97.52
471,18-02-2023 21:40,18-02-2023 22:10,18-02-2023 22:12,1,49.25
472,19-12-2023 20:56,19-12-2023 21:26,19-12-2023 21:28,9,36.31
473,24-08-2023 12:05,24-08-2023 12:35,24-08-2023 12:37,3,86.24
474,26-12-2023 02:14,26-12-2023 02:44,26-12-2023 02:46,3,70.29
475,19-07-2023 02:59,19-07-2023 03:29,19-07-2023 03:31,2,55.03
476,23-10-2023 21:55,23-10-2023 22:25,23-10-2023 22:25,10,39.76
477,27-12-2023 01:49,27-12-2023 02:19,,6,39.99
478,12-05-2023 23:53,13-05-2023 00:23,13-05-2023 00:23,7,66.73
479,29-01-2023 01:05,29-01-2023 01:35,29-01-2023 01:35,9,66.96
480,28-12-2023 20:31,28-12-2023 21:01,28-12-2023 21:01,10,93.32
481,25-03-2023 18:47,25-03-2023 19:17,25-03-2023 19:17,2,75.05
482,21-09-2023 04:29,21-09-2023 04:59,21-09-2023 04:59,2,54.26
483,24-08-2023 17:06,24-08-2023 17:36,24-08-2023 17:36,3,20.96
484,19-03-2023 02:39,19-03-2023 03:09,19-03-2023 03:09,1,54.04
485,18-09-2023 07:05,18-09-2023 07:35,18-09-2023 07:35,4,71.42
486,07-04-2023 15:08,07-04-2023 15:38,07-04-2023 15:38,1,93.79
487,22-12-2023 11:18,22-12-2023 11:48,22-12-2023 11:48,3,98.58
488,06-08-2023 07:52,06-08-2023 08:22,06-08-2023 08:22,2,60.52
489,11-11-2023 09:15,11-11-2023 09:45,11-11-2023 09:45,3,29.77
490,21-08-2023 02:36,21-08-2023 03:06,21-08-2023 03:06,8,60
491,26-07-2023 16:34,26-07-2023 17:04,26-07-2023 17:04,10,57.77
492,17-07-2023 03:58,17-07-2023 04:28,17-07-2023 04:28,1,35.2
493,04-08-2023 16:55,04-08-2023 17:25,04-08-2023 17:25,5,22.16
494,24-02-2023 06:40,24-02-2023 07:10,24-02-2023 07:10,10,33.17
495,29-08-2023 13:32,29-08-2023 14:02,,9,89.49
496,28-08-2023 06:23,28-08-2023 06:53,28-08-2023 06:53,7,50.98
497,03-08-2023 09:03,03-08-2023 09:33,03-08-2023 09:33,2,21.2
498,28-10-2023 04:36,28-10-2023 05:06,,7,69.16
499,24-01-2023 23:22,24-01-2023 23:52,24-01-2023 23:52,9,64.3
500,25-09-2023 16:05,25-09-2023 16:35,25-09-2023 16:35,4,37.59
501,09-02-2023 18:56,09-02-2023 19:26,09-02-2023 19:26,4,95.32
502,28-03-2023 04:12,28-03-2023 04:42,28-03-2023 04:42,2,86.1
503,03-10-2023 22:53,03-10-2023 23:23,03-10-2023 23:23,10,60.64
504,28-06-2023 09:06,28-06-2023 09:36,28-06-2023 09:36,8,63.89
505,28-03-2023 12:11,28-03-2023 12:41,28-03-2023 12:41,7,66.45
506,01-11-2023 17:57,01-11-2023 18:27,01-11-2023 18:27,3,53.75
507,22-07-2023 00:48,22-07-2023 01:18,22-07-2023 01:18,5,63.51
508,10-08-2023 20:08,10-08-2023 20:38,10-08-2023 20:38,5,40.16
509,16-11-2023 14:16,16-11-2023 14:46,16-11-2023 14:46,9,79.82
510,26-03-2023 13:07,26-03-2023 13:37,26-03-2023 13:37,6,89.21
511,20-03-2023 00:19,20-03-2023 00:49,20-03-2023 00:49,9,31.95
512,23-03-2023 16:43,23-03-2023 17:13,23-03-2023 17:13,6,86.72
513,02-05-2023 14:38,02-05-2023 15:08,02-05-2023 15:08,1,30.52
514,05-04-2023 07:12,05-04-2023 07:42,05-04-2023 07:42,1,65.52
515,12-07-2023 00:25,12-07-2023 00:55,12-07-2023 00:55,2,79.43
516,01-10-2023 06:15,01-10-2023 06:45,01-10-2023 06:45,1,27.52
517,17-08-2023 21:23,17-08-2023 21:53,17-08-2023 21:53,5,92.99
518,04-12-2023 07:21,04-12-2023 07:51,04-12-2023 07:51,8,42.29
519,06-12-2023 07:51,06-12-2023 08:21,06-12-2023 08:21,9,45.63
520,07-09-2023 06:03,07-09-2023 06:33,,1,44.05
521,13-08-2023 22:40,13-08-2023 23:10,13-08-2023 23:10,2,24.98
522,16-09-2023 22:11,16-09-2023 22:41,16-09-2023 22:41,1,33.88
523,24-04-2023 19:52,24-04-2023 20:22,24-04-2023 20:22,9,55.04
524,02-12-2023 21:30,02-12-2023 22:00,02-12-2023 22:00,1,86.03
525,08-11-2023 01:21,08-11-2023 01:51,08-11-2023 01:51,7,85.44
526,29-10-2023 02:27,29-10-2023 02:57,,2,40.81
527,07-09-2023 13:28,07-09-2023 13:58,07-09-2023 13:58,5,24.92
528,14-08-2023 04:45,14-08-2023 05:15,14-08-2023 05:15,1,60.08
529,12-10-2023 16:12,12-10-2023 16:42,12-10-2023 16:42,5,72.55
530,27-10-2023 19:09,27-10-2023 19:39,27-10-2023 19:39,3,55.31
531,02-10-2023 07:13,02-10-2023 07:43,02-10-2023 07:43,5,68.72
532,27-06-2023 05:13,27-06-2023 05:43,,5,28.81
533,06-10-2023 08:37,06-10-2023 09:07,06-10-2023 09:07,9,41.19
534,11-03-2023 15:02,11-03-2023 15:32,11-03-2023 15:32,4,52.87
535,21-02-2023 12:26,21-02-2023 12:56,21-02-2023 12:56,6,93.82
536,13-01-2023 03:17,13-01-2023 03:47,13-01-2023 03:47,1,22.95
537,08-02-2023 04:23,08-02-2023 04:53,08-02-2023 04:53,7,60.65
538,16-12-2023 03:43,16-12-2023 04:13,16-12-2023 04:13,9,34.01
539,09-02-2023 05:56,09-02-2023 06:26,09-02-2023 06:26,10,26.85
540,16-12-2023 11:34,16-12-2023 12:04,16-12-2023 12:04,7,64.37
541,23-04-2023 07:57,23-04-2023 08:27,23-04-2023 08:27,10,76.12
542,30-04-2023 22:18,30-04-2023 22:48,30-04-2023 22:48,4,52.81
543,25-10-2023 02:37,25-10-2023 03:07,25-10-2023 03:07,9,74.85
544,17-11-2023 02:04,17-11-2023 02:34,17-11-2023 02:34,7,60.31
545,26-06-2023 02:25,26-06-2023 02:55,26-06-2023 02:55,10,61.77
546,09-06-2023 00:58,09-06-2023 01:28,09-06-2023 01:28,1,87.96
547,24-04-2023 02:00,24-04-2023 02:30,24-04-2023 02:30,5,45.65
548,28-02-2023 21:46,28-02-2023 22:16,28-02-2023 22:16,8,65.61
549,26-03-2023 23:45,27-03-2023 00:15,27-03-2023 00:15,7,75.31
550,09-02-2023 02:17,09-02-2023 02:47,09-02-2023 02:47,8,27.05
551,28-02-2023 11:52,28-02-2023 12:22,28-02-2023 12:22,1,71.99
552,10-08-2023 19:04,10-08-2023 19:34,10-08-2023 19:34,2,90.5
553,13-01-2023 16:59,13-01-2023 17:29,13-01-2023 17:29,6,85.03
554,12-12-2023 13:52,12-12-2023 14:22,12-12-2023 14:22,3,85.02
555,05-08-2023 11:41,05-08-2023 12:11,05-08-2023 12:11,6,67.12
556,07-10-2023 12:05,07-10-2023 12:35,07-10-2023 12:35,9,90.62
557,12-09-2023 08:14,12-09-2023 08:44,12-09-2023 08:44,4,92.77
558,03-03-2023 05:23,03-03-2023 05:53,03-03-2023 05:53,7,23.03
559,09-03-2023 20:06,09-03-2023 20:36,09-03-2023 20:36,1,37.37
560,04-05-2023 16:50,04-05-2023 17:20,04-05-2023 17:33,1,25.35
561,29-09-2023 12:06,29-09-2023 12:36,29-09-2023 12:49,10,79.09
562,04-04-2023 02:30,04-04-2023 03:00,04-04-2023 03:13,5,54.9
563,30-06-2023 03:57,30-06-2023 04:27,30-06-2023 04:40,3,84.47
564,22-03-2023 06:50,22-03-2023 07:20,22-03-2023 07:33,8,35.23
565,06-11-2023 16:56,06-11-2023 17:26,06-11-2023 17:39,4,34.88
566,15-02-2023 03:29,15-02-2023 03:59,15-02-2023 04:12,7,34.18
567,13-11-2023 09:02,13-11-2023 09:32,13-11-2023 09:45,5,98.06
568,11-05-2023 19:54,11-05-2023 20:24,11-05-2023 20:37,8,94.93
569,24-03-2023 16:49,24-03-2023 17:19,24-03-2023 17:19,9,31.46
570,11-05-2023 20:49,11-05-2023 21:19,11-05-2023 21:19,3,70.66
571,12-09-2023 21:52,12-09-2023 22:22,12-09-2023 22:22,1,83.08
572,05-05-2023 12:03,05-05-2023 12:33,05-05-2023 12:33,7,37.42
573,23-03-2023 17:05,23-03-2023 17:35,23-03-2023 17:35,3,80.62
574,15-08-2023 08:51,15-08-2023 09:21,15-08-2023 09:21,1,30.33
575,25-06-2023 11:38,25-06-2023 12:08,25-06-2023 12:08,2,38.86
576,14-02-2023 07:50,14-02-2023 08:20,14-02-2023 08:20,3,56.35
577,03-11-2023 12:55,03-11-2023 13:25,,5,48.55
578,24-11-2023 21:03,24-11-2023 21:33,24-11-2023 21:33,7,37.58
579,11-07-2023 07:02,11-07-2023 07:32,11-07-2023 07:32,10,36.56
580,22-04-2023 20:09,22-04-2023 20:39,22-04-2023 20:39,1,81.29
581,27-08-2023 20:18,27-08-2023 20:48,27-08-2023 20:48,7,83.12
582,23-06-2023 16:03,23-06-2023 16:33,23-06-2023 16:33,1,66.88
583,17-05-2023 09:48,17-05-2023 10:18,17-05-2023 10:18,6,79.83
584,24-06-2023 18:34,24-06-2023 19:04,24-06-2023 19:04,2,60.21
585,25-02-2023 05:13,25-02-2023 05:43,25-02-2023 05:43,7,74.34
586,03-05-2023 09:30,03-05-2023 10:00,03-05-2023 10:00,7,67.74
587,11-10-2023 07:28,11-10-2023 07:58,11-10-2023 07:58,5,51.07
588,28-05-2023 10:47,28-05-2023 11:17,28-05-2023 11:17,10,50.48
589,02-06-2023 19:58,02-06-2023 20:28,02-06-2023 20:28,10,57.35
590,04-07-2023 14:38,04-07-2023 15:08,04-07-2023 15:08,10,90.8
591,14-08-2023 02:18,14-08-2023 02:48,14-08-2023 02:48,10,90
592,10-05-2023 07:07,10-05-2023 07:37,10-05-2023 07:37,6,93.84
593,30-11-2023 13:40,30-11-2023 14:10,30-11-2023 14:10,4,70.03
594,11-01-2023 08:38,11-01-2023 09:08,11-01-2023 09:08,6,41.1
595,02-07-2023 23:52,03-07-2023 00:22,03-07-2023 00:22,6,23.82
596,06-11-2023 05:35,06-11-2023 06:05,06-11-2023 06:05,3,90.97
597,24-08-2023 07:20,24-08-2023 07:50,24-08-2023 07:50,3,96.51
598,29-11-2023 14:34,29-11-2023 15:04,,10,65.67
599,12-03-2023 10:31,12-03-2023 11:01,12-03-2023 11:01,7,85.62
600,25-03-2023 20:57,25-03-2023 21:27,25-03-2023 21:27,9,74.24
601,21-04-2023 18:01,21-04-2023 18:31,21-04-2023 18:31,5,93.16
602,01-03-2023 12:22,01-03-2023 12:52,01-03-2023 12:52,6,80.13
603,16-10-2023 03:11,16-10-2023 03:41,16-10-2023 03:41,6,44.17
604,31-07-2023 14:32,31-07-2023 15:02,31-07-2023 15:02,5,85.65
605,11-02-2023 19:34,11-02-2023 20:04,11-02-2023 20:04,3,71.79
606,09-06-2023 05:52,09-06-2023 06:22,09-06-2023 06:22,4,32.28
607,09-06-2023 03:01,09-06-2023 03:31,09-06-2023 03:31,9,57.32
608,24-02-2023 20:32,24-02-2023 21:02,24-02-2023 21:02,9,94.35
609,27-11-2023 03:05,27-11-2023 03:35,27-11-2023 03:35,9,32.52
610,08-06-2023 15:30,08-06-2023 16:00,08-06-2023 16:00,3,29.34
611,23-04-2023 11:26,23-04-2023 11:56,23-04-2023 11:56,8,57.56
612,28-12-2023 04:46,28-12-2023 05:16,28-12-2023 05:16,10,51.84
613,17-02-2023 15:45,17-02-2023 16:15,17-02-2023 16:15,5,41.47
614,05-09-2023 21:02,05-09-2023 21:32,05-09-2023 21:32,5,77.3
615,30-04-2023 20:02,30-04-2023 20:32,30-04-2023 20:32,3,20.46
616,19-03-2023 13:12,19-03-2023 13:42,19-03-2023 13:42,9,45.89
617,05-01-2023 00:50,05-01-2023 01:20,05-01-2023 01:20,2,41.51
618,19-10-2023 07:28,19-10-2023 07:58,19-10-2023 07:58,3,83.02
619,28-04-2023 14:01,28-04-2023 14:31,28-04-2023 14:31,9,78.37
620,12-08-2023 12:44,12-08-2023 13:14,12-08-2023 13:14,9,54.79
621,21-12-2023 13:09,21-12-2023 13:39,21-12-2023 13:39,3,93.21
622,12-01-2023 08:30,12-01-2023 09:00,12-01-2023 09:00,2,98.59
623,22-09-2023 04:09,22-09-2023 04:39,22-09-2023 04:39,5,51.67
624,11-05-2023 02:27,11-05-2023 02:57,11-05-2023 02:57,10,38.48
625,23-05-2023 12:56,23-05-2023 13:26,23-05-2023 13:26,6,47.82
626,30-09-2023 01:05,30-09-2023 01:35,30-09-2023 01:35,9,33.29
627,12-10-2023 01:01,12-10-2023 01:31,12-10-2023 01:31,2,84.98
628,19-05-2023 07:56,19-05-2023 08:26,19-05-2023 08:26,8,29.44
629,27-03-2023 00:38,27-03-2023 01:08,27-03-2023 01:08,8,76.43
630,16-04-2023 19:30,16-04-2023 20:00,16-04-2023 20:00,2,37.7
631,27-03-2023 08:28,27-03-2023 08:58,27-03-2023 08:58,5,58.88
632,30-11-2023 13:52,30-11-2023 14:22,30-11-2023 14:22,8,34.31
633,08-08-2023 17:23,08-08-2023 17:53,08-08-2023 17:53,9,37.17
634,27-05-2023 01:47,27-05-2023 02:17,27-05-2023 02:17,1,96.89
635,24-05-2023 09:51,24-05-2023 10:21,24-05-2023 10:21,6,66.85
636,09-09-2023 17:26,09-09-2023 17:56,09-09-2023 17:56,7,60.68
637,24-07-2023 02:12,24-07-2023 02:42,24-07-2023 02:42,4,49.91
638,31-07-2023 20:13,31-07-2023 20:43,31-07-2023 20:43,7,53.56
639,27-01-2023 19:43,27-01-2023 20:13,27-01-2023 20:13,5,24.3
640,15-01-2023 15:55,15-01-2023 16:25,15-01-2023 16:25,4,21.14
641,31-03-2023 22:40,31-03-2023 23:10,31-03-2023 23:10,1,87.75
642,29-03-2023 03:24,29-03-2023 03:54,29-03-2023 03:54,8,27.56
643,08-07-2023 16:49,08-07-2023 17:19,08-07-2023 17:19,4,25.87
644,21-01-2023 18:05,21-01-2023 18:35,21-01-2023 18:35,7,52.94
645,16-06-2023 06:51,16-06-2023 07:21,,8,43.79
646,10-11-2023 06:25,10-11-2023 06:55,10-11-2023 06:55,4,77.86
647,24-11-2023 22:21,24-11-2023 22:51,,3,92.95
648,21-06-2023 16:23,21-06-2023 16:53,21-06-2023 16:53,1,79.41
649,28-02-2023 11:50,28-02-2023 12:20,28-02-2023 12:20,5,50.89
650,04-02-2023 01:25,04-02-2023 01:55,04-02-2023 01:55,4,93.43
651,26-07-2023 05:37,26-07-2023 06:07,26-07-2023 06:07,7,88.29
652,12-04-2023 19:53,12-04-2023 20:23,12-04-2023 20:23,5,37.22
653,21-03-2023 16:47,21-03-2023 17:17,21-03-2023 17:17,1,78.77
654,18-07-2023 13:37,18-07-2023 14:07,18-07-2023 14:07,4,88.79
655,26-04-2023 22:23,26-04-2023 22:53,26-04-2023 22:53,8,59.77
656,26-06-2023 05:11,26-06-2023 05:41,26-06-2023 05:41,3,60.96
657,02-06-2023 22:52,02-06-2023 23:22,02-06-2023 23:22,7,29.48
658,10-03-2023 00:27,10-03-2023 00:57,10-03-2023 00:57,1,65.02
659,26-07-2023 03:27,26-07-2023 03:57,26-07-2023 03:57,1,97.24
660,14-05-2023 05:37,14-05-2023 06:07,14-05-2023 06:07,6,49.23
661,27-11-2023 03:03,27-11-2023 03:33,27-11-2023 03:33,6,49.56
662,23-12-2023 22:28,23-12-2023 22:58,,9,55.34
663,25-05-2023 17:56,25-05-2023 18:26,25-05-2023 18:26,6,35.65
664,22-12-2023 16:23,22-12-2023 16:53,22-12-2023 16:53,9,92.36
665,09-01-2023 14:47,09-01-2023 15:17,09-01-2023 15:17,8,74.21
666,10-03-2023 14:10,10-03-2023 14:40,10-03-2023 14:40,2,98.33
667,17-09-2023 03:18,17-09-2023 03:48,17-09-2023 03:48,10,32.55
668,14-12-2023 17:36,14-12-2023 18:06,14-12-2023 18:06,4,65.17
669,04-04-2023 18:48,04-04-2023 19:18,04-04-2023 19:18,3,58.61
670,23-11-2023 03:48,23-11-2023 04:18,,10,41.72
671,17-01-2023 10:13,17-01-2023 10:43,17-01-2023 10:43,8,41.98
672,17-11-2023 05:08,17-11-2023 05:38,17-11-2023 05:38,5,25.76
673,02-02-2023 06:01,02-02-2023 06:31,02-02-2023 06:31,10,35.76
674,16-12-2023 08:40,16-12-2023 09:10,16-12-2023 09:10,6,45.33
675,13-05-2023 05:33,13-05-2023 06:03,13-05-2023 06:03,8,50.06
676,16-05-2023 10:03,16-05-2023 10:33,16-05-2023 10:33,1,43.92
677,14-02-2023 21:24,14-02-2023 21:54,14-02-2023 21:54,10,90.35
678,04-01-2023 12:05,04-01-2023 12:35,04-01-2023 12:35,6,21.61
679,17-04-2023 18:34,17-04-2023 19:04,17-04-2023 19:04,10,91.47
680,31-05-2023 12:31,31-05-2023 13:01,31-05-2023 13:01,2,53.98
681,25-01-2023 15:49,25-01-2023 16:19,25-01-2023 16:19,5,27.68
682,18-09-2023 16:22,18-09-2023 16:52,18-09-2023 16:52,6,99.55
683,30-09-2023 08:07,30-09-2023 08:37,30-09-2023 08:37,6,95.77
684,05-04-2023 10:53,05-04-2023 11:23,05-04-2023 11:23,6,33.56
685,16-08-2023 03:41,16-08-2023 04:11,16-08-2023 04:11,9,80.14
686,28-03-2023 22:02,28-03-2023 22:32,28-03-2023 22:32,2,53.41
687,16-06-2023 17:09,16-06-2023 17:39,16-06-2023 17:39,5,32.59
688,01-07-2023 05:29,01-07-2023 05:59,01-07-2023 05:59,8,52.46
689,01-07-2023 09:20,01-07-2023 09:50,01-07-2023 09:50,4,92.43
690,21-08-2023 15:00,21-08-2023 15:30,21-08-2023 15:30,3,53.96
691,12-08-2023 23:17,12-08-2023 23:47,12-08-2023 23:47,10,31.1
692,28-08-2023 21:21,28-08-2023 21:51,28-08-2023 21:51,6,62.57
693,22-01-2023 04:57,22-01-2023 05:27,22-01-2023 05:27,6,52.05
694,26-01-2023 03:38,26-01-2023 04:08,26-01-2023 04:08,8,73.39
695,15-05-2023 09:36,15-05-2023 10:06,15-05-2023 10:06,2,75.85
696,19-10-2023 18:35,19-10-2023 19:05,19-10-2023 19:05,10,83.29
697,25-08-2023 17:13,25-08-2023 17:43,25-08-2023 17:43,5,21.91
698,25-06-2023 11:51,25-06-2023 12:21,,2,37.17
699,28-02-2023 10:13,28-02-2023 10:43,28-02-2023 10:43,6,87.7
700,19-06-2023 22:09,19-06-2023 22:39,19-06-2023 22:39,8,67.07
701,19-12-2023 20:07,19-12-2023 20:37,19-12-2023 20:37,8,46.34
702,20-09-2023 21:17,20-09-2023 21:47,,9,91.28
703,17-03-2023 15:28,17-03-2023 15:58,17-03-2023 16:28,8,57.28
704,09-04-2023 22:37,09-04-2023 23:07,09-04-2023 23:37,5,98.64
705,18-11-2023 03:24,18-11-2023 03:54,18-11-2023 04:24,4,46.8
706,10-04-2023 19:09,10-04-2023 19:39,10-04-2023 20:09,10,86.93
707,18-10-2023 08:46,18-10-2023 09:16,18-10-2023 09:46,10,26.73
708,11-01-2023 11:26,11-01-2023 11:56,11-01-2023 12:26,8,69.74
709,14-05-2023 23:30,15-05-2023 00:00,15-05-2023 00:30,3,81.97
710,28-06-2023 04:56,28-06-2023 05:26,28-06-2023 05:56,10,34.75
711,03-04-2023 09:57,03-04-2023 10:27,03-04-2023 10:57,8,74.19
712,30-09-2023 02:11,30-09-2023 02:41,30-09-2023 03:11,9,66.07
713,25-11-2023 17:14,25-11-2023 17:44,25-11-2023 18:14,3,22.19
714,13-10-2023 22:07,13-10-2023 22:37,13-10-2023 23:07,5,98.72
715,06-02-2023 14:31,06-02-2023 15:01,06-02-2023 15:31,2,32.46
716,10-11-2023 17:50,10-11-2023 18:20,10-11-2023 18:50,6,52.5
717,26-08-2023 16:01,26-08-2023 16:31,26-08-2023 17:01,4,38.84
718,13-02-2023 20:07,13-02-2023 20:37,13-02-2023 21:07,1,82.76
719,11-10-2023 10:32,11-10-2023 11:02,11-10-2023 11:32,1,81.09
720,17-03-2023 22:01,17-03-2023 22:31,17-03-2023 23:01,5,95.49
721,04-11-2023 15:11,04-11-2023 15:41,04-11-2023 16:11,4,61.5
722,11-11-2023 13:00,11-11-2023 13:30,11-11-2023 14:00,8,70.41
723,14-03-2023 21:51,14-03-2023 22:21,14-03-2023 22:51,9,74.2
724,09-04-2023 19:25,09-04-2023 19:55,09-04-2023 20:25,3,44.14
725,23-11-2023 07:48,23-11-2023 08:18,23-11-2023 08:48,8,98.35
726,02-09-2023 19:07,02-09-2023 19:37,02-09-2023 20:07,6,64.35
727,24-06-2023 23:51,25-06-2023 00:21,25-06-2023 00:51,8,58.45
728,05-03-2023 14:01,05-03-2023 14:31,05-03-2023 15:01,3,62.26
729,03-11-2023 16:18,03-11-2023 16:48,03-11-2023 17:18,3,33.19
730,27-03-2023 11:30,27-03-2023 12:00,27-03-2023 12:30,4,36.67
731,18-11-2023 05:11,18-11-2023 05:41,18-11-2023 06:11,9,29.89
732,11-03-2023 13:11,11-03-2023 13:41,11-03-2023 14:11,4,53.86
733,20-07-2023 02:50,20-07-2023 03:20,20-07-2023 03:50,8,72.93
734,05-02-2023 14:32,05-02-2023 15:02,05-02-2023 15:32,2,46.64
735,30-10-2023 13:16,30-10-2023 13:46,30-10-2023 14:16,8,84.17
736,30-11-2023 04:21,30-11-2023 04:51,30-11-2023 05:21,1,61.28
737,21-07-2023 22:08,21-07-2023 22:38,21-07-2023 23:08,8,82.87
738,22-11-2023 12:23,22-11-2023 12:53,22-11-2023 13:23,3,47.33
739,20-09-2023 18:10,20-09-2023 18:40,20-09-2023 19:10,1,25.34
740,11-05-2023 23:25,11-05-2023 23:55,12-05-2023 00:25,10,88.06
741,15-10-2023 06:18,15-10-2023 06:48,15-10-2023 07:18,2,22.88
742,09-05-2023 18:39,09-05-2023 19:09,09-05-2023 19:39,3,50.11
743,31-07-2023 08:10,31-07-2023 08:40,31-07-2023 09:10,1,71.84
744,18-09-2023 23:17,18-09-2023 23:47,19-09-2023 00:17,2,36.01
745,22-02-2023 12:04,22-02-2023 12:34,22-02-2023 13:04,3,90.88
746,16-12-2023 05:28,16-12-2023 05:58,16-12-2023 05:58,2,62.87
747,30-01-2023 11:04,30-01-2023 11:34,30-01-2023 11:34,9,44.49
748,29-04-2023 13:58,29-04-2023 14:28,29-04-2023 14:28,5,74.69
749,19-01-2023 17:56,19-01-2023 18:26,19-01-2023 18:26,5,36.89
750,22-07-2023 07:21,22-07-2023 07:51,22-07-2023 07:51,4,98.36
751,08-04-2023 11:51,08-04-2023 12:21,08-04-2023 12:21,2,66.42
752,22-03-2023 03:58,22-03-2023 04:28,22-03-2023 04:28,8,88.06
753,14-06-2023 10:24,14-06-2023 10:54,,10,40.58
754,01-10-2023 00:34,01-10-2023 01:04,01-10-2023 01:04,2,43.24
755,07-07-2023 16:39,07-07-2023 17:09,07-07-2023 17:09,4,48.27
756,09-01-2023 11:07,09-01-2023 11:37,09-01-2023 11:37,7,30.43
757,17-05-2023 02:49,17-05-2023 03:19,17-05-2023 03:19,7,66.24
758,16-07-2023 02:01,16-07-2023 02:31,16-07-2023 02:31,2,59.48
759,24-11-2023 11:55,24-11-2023 12:25,24-11-2023 12:25,6,93.64
760,20-04-2023 16:21,20-04-2023 16:51,20-04-2023 16:51,6,91.87
761,22-04-2023 01:48,22-04-2023 02:18,22-04-2023 02:18,2,31.99
762,23-10-2023 01:55,23-10-2023 02:25,23-10-2023 02:25,2,97.96
763,10-01-2023 13:16,10-01-2023 13:46,10-01-2023 13:46,1,78
764,09-02-2023 16:46,09-02-2023 17:16,09-02-2023 17:16,3,54.02
765,03-07-2023 10:39,03-07-2023 11:09,03-07-2023 11:09,1,58.26
766,11-04-2023 07:28,11-04-2023 07:58,11-04-2023 07:58,2,62.64
767,28-01-2023 16:27,28-01-2023 16:57,28-01-2023 16:57,4,77.44
768,15-07-2023 16:29,15-07-2023 16:59,,7,73.03
769,03-06-2023 09:57,03-06-2023 10:27,03-06-2023 10:27,5,32.42
770,16-04-2023 02:21,16-04-2023 02:51,16-04-2023 02:51,6,73.93
771,17-09-2023 16:48,17-09-2023 17:18,17-09-2023 17:18,7,32.83
772,29-08-2023 02:01,29-08-2023 02:31,29-08-2023 02:31,9,60.2
773,23-07-2023 09:45,23-07-2023 10:15,23-07-2023 10:15,9,23.16
774,19-08-2023 14:32,19-08-2023 15:02,19-08-2023 15:02,9,57.46
775,07-11-2023 10:46,07-11-2023 11:16,07-11-2023 11:16,2,70.32
776,11-10-2023 17:38,11-10-2023 18:08,11-10-2023 18:08,3,53.72
777,09-03-2023 05:16,09-03-2023 05:46,09-03-2023 05:46,1,30.55
778,14-12-2023 09:15,14-12-2023 09:45,14-12-2023 09:45,3,78.49
779,04-02-2023 09:31,04-02-2023 10:01,04-02-2023 10:01,5,43.84
780,17-11-2023 19:55,17-11-2023 20:25,17-11-2023 20:25,4,58.1
781,13-06-2023 09:37,13-06-2023 10:07,13-06-2023 10:07,4,78.63
782,03-12-2023 16:12,03-12-2023 16:42,03-12-2023 16:42,5,97.92
783,09-02-2023 15:19,09-02-2023 15:49,09-02-2023 15:49,7,80.89
784,24-10-2023 20:15,24-10-2023 20:45,24-10-2023 20:45,5,35.04
785,03-06-2023 05:49,03-06-2023 06:19,03-06-2023 06:19,3,75.13
786,17-10-2023 23:57,18-10-2023 00:27,18-10-2023 00:27,5,59.84
787,15-08-2023 05:25,15-08-2023 05:55,15-08-2023 05:55,2,55.62
788,28-02-2023 06:09,28-02-2023 06:39,28-02-2023 06:39,3,99.76
789,18-03-2023 14:29,18-03-2023 14:59,18-03-2023 14:59,5,45.7
790,13-02-2023 03:32,13-02-2023 04:02,,4,84.14
791,08-01-2023 18:35,08-01-2023 19:05,08-01-2023 19:05,5,45.04
792,03-05-2023 20:16,03-05-2023 20:46,03-05-2023 20:46,2,85.78
793,05-03-2023 10:32,05-03-2023 11:02,05-03-2023 11:02,7,82.55
794,18-03-2023 00:22,18-03-2023 00:52,18-03-2023 00:52,10,44.21
795,05-02-2023 07:33,05-02-2023 08:03,05-02-2023 08:03,10,88.41
796,25-03-2023 00:03,25-03-2023 00:33,25-03-2023 00:33,5,36.46
797,05-02-2023 00:35,05-02-2023 01:05,05-02-2023 01:05,10,50.9
798,21-07-2023 00:33,21-07-2023 01:03,21-07-2023 01:03,3,49.02
799,27-06-2023 12:01,27-06-2023 12:31,27-06-2023 12:31,8,25.12
800,26-12-2023 15:12,26-12-2023 15:42,26-12-2023 15:42,1,38.15
801,02-03-2023 03:50,02-03-2023 04:20,02-03-2023 04:20,5,56.48
802,29-05-2023 22:44,29-05-2023 23:14,,4,47.25
803,18-05-2023 06:27,18-05-2023 06:57,18-05-2023 06:57,10,69.38
804,14-03-2023 03:13,14-03-2023 03:43,14-03-2023 03:43,6,35.25
805,23-02-2023 00:28,23-02-2023 00:58,23-02-2023 00:58,6,51.47
806,18-03-2023 00:11,18-03-2023 00:41,18-03-2023 00:41,4,33.8
807,19-10-2023 10:44,19-10-2023 11:14,19-10-2023 11:14,7,80.61
808,29-03-2023 19:11,29-03-2023 19:41,29-03-2023 19:41,7,62.4
809,18-07-2023 09:58,18-07-2023 10:28,18-07-2023 10:28,10,67.07
810,15-01-2023 06:04,15-01-2023 06:34,15-01-2023 06:34,3,32.08
811,26-02-2023 20:10,26-02-2023 20:40,26-02-2023 20:40,7,47.6
812,21-01-2023 20:40,21-01-2023 21:10,21-01-2023 21:10,10,45.18
813,07-12-2023 05:25,07-12-2023 05:55,07-12-2023 05:55,1,62.73
814,03-12-2023 04:45,03-12-2023 05:15,03-12-2023 05:15,5,24.97
815,10-07-2023 08:05,10-07-2023 08:35,10-07-2023 08:35,4,58.56
816,25-09-2023 22:49,25-09-2023 23:19,25-09-2023 23:19,10,60.85
817,09-04-2023 04:37,09-04-2023 05:07,09-04-2023 05:07,4,67.16
818,02-03-2023 05:16,02-03-2023 05:46,02-03-2023 05:46,1,65.13
819,19-05-2023 15:20,19-05-2023 15:50,19-05-2023 15:50,10,27.47
820,28-02-2023 19:45,28-02-2023 20:15,28-02-2023 20:15,7,49.32
821,21-10-2023 01:09,21-10-2023 01:39,21-10-2023 01:39,5,51.58
822,01-11-2023 01:59,01-11-2023 02:29,01-11-2023 02:29,4,61.39
823,28-08-2023 10:26,28-08-2023 10:56,28-08-2023 10:56,9,33.34
824,29-07-2023 01:30,29-07-2023 02:00,29-07-2023 02:00,9,63.62
825,01-12-2023 21:56,01-12-2023 22:26,01-12-2023 22:26,10,97.64
826,03-03-2023 17:48,03-03-2023 18:18,03-03-2023 18:18,3,29.71
827,11-02-2023 05:06,11-02-2023 05:36,11-02-2023 05:36,1,74.39
828,16-02-2023 05:41,16-02-2023 06:11,16-02-2023 06:11,9,77.76
829,26-05-2023 17:07,26-05-2023 17:37,26-05-2023 17:37,9,54.45
830,29-08-2023 03:18,29-08-2023 03:48,29-08-2023 03:48,1,30.01
831,20-09-2023 11:45,20-09-2023 12:15,20-09-2023 12:15,3,32.58
832,24-10-2023 16:09,24-10-2023 16:39,24-10-2023 17:04,1,73.13
833,16-12-2023 18:09,16-12-2023 18:39,16-12-2023 19:04,2,61.23
834,19-06-2023 16:18,19-06-2023 16:48,19-06-2023 17:13,1,96.73
835,25-02-2023 20:22,25-02-2023 20:52,25-02-2023 21:17,3,76.73
836,10-04-2023 15:21,10-04-2023 15:51,10-04-2023 16:16,9,39.17
837,04-09-2023 09:37,04-09-2023 10:07,04-09-2023 10:32,8,28.18
838,30-01-2023 22:38,30-01-2023 23:08,30-01-2023 23:33,2,85.48
839,28-01-2023 13:05,28-01-2023 13:35,28-01-2023 14:00,4,45.07
840,17-11-2023 02:01,17-11-2023 02:31,17-11-2023 02:56,9,65.09
841,17-10-2023 09:17,17-10-2023 09:47,17-10-2023 10:12,1,49.65
842,18-10-2023 11:51,18-10-2023 12:21,18-10-2023 12:46,8,53.14
843,12-07-2023 00:37,12-07-2023 01:07,12-07-2023 01:32,5,53.35
844,28-07-2023 23:47,29-07-2023 00:17,29-07-2023 00:42,2,26.6
845,03-02-2023 16:49,03-02-2023 17:19,03-02-2023 17:19,1,71.88
846,18-03-2023 18:40,18-03-2023 19:10,,7,61.9
847,28-02-2023 09:47,28-02-2023 10:17,28-02-2023 10:17,5,49.69
848,14-11-2023 04:40,14-11-2023 05:10,14-11-2023 05:10,4,46.19
849,13-12-2023 11:16,13-12-2023 11:46,13-12-2023 11:46,5,69.51
850,22-01-2023 17:56,22-01-2023 18:26,,10,27
851,13-06-2023 07:17,13-06-2023 07:47,13-06-2023 07:47,7,80.07
852,19-02-2023 12:02,19-02-2023 12:32,19-02-2023 12:32,4,56.66
853,10-03-2023 23:22,10-03-2023 23:52,10-03-2023 23:52,3,50.26
854,15-03-2023 02:59,15-03-2023 03:29,15-03-2023 03:29,7,63.21
855,06-09-2023 01:48,06-09-2023 02:18,06-09-2023 02:18,5,88.65
856,10-09-2023 06:36,10-09-2023 07:06,10-09-2023 07:06,1,83.21
857,18-04-2023 03:20,18-04-2023 03:50,18-04-2023 03:50,9,73.78
858,19-04-2023 04:47,19-04-2023 05:17,19-04-2023 05:17,5,34.25
859,07-02-2023 00:04,07-02-2023 00:34,07-02-2023 00:34,6,73.24
860,13-02-2023 16:17,13-02-2023 16:47,13-02-2023 16:47,9,20.37
861,22-11-2023 13:02,22-11-2023 13:32,22-11-2023 13:32,10,97.81
862,30-04-2023 06:16,30-04-2023 06:46,30-04-2023 06:46,3,82.92
863,07-02-2023 22:16,07-02-2023 22:46,07-02-2023 22:46,2,73.22
864,25-05-2023 18:58,25-05-2023 19:28,25-05-2023 19:28,7,49.29
865,14-09-2023 18:15,14-09-2023 18:45,14-09-2023 18:45,1,63.72
866,24-11-2023 09:17,24-11-2023 09:47,24-11-2023 09:47,6,58.25
867,23-02-2023 09:17,23-02-2023 09:47,23-02-2023 09:47,2,26.33
868,30-06-2023 00:10,30-06-2023 00:40,30-06-2023 00:40,8,27.27
869,28-01-2023 04:17,28-01-2023 04:47,28-01-2023 04:47,9,57.62
870,11-10-2023 16:10,11-10-2023 16:40,11-10-2023 16:40,6,35.19
871,08-03-2023 03:51,08-03-2023 04:21,08-03-2023 04:21,2,59.96
872,13-06-2023 09:33,13-06-2023 10:03,13-06-2023 10:03,5,70.53
873,10-06-2023 23:15,10-06-2023 23:45,10-06-2023 23:45,5,75.94
874,16-05-2023 05:54,16-05-2023 06:24,16-05-2023 06:24,5,77.12
875,03-11-2023 07:02,03-11-2023 07:32,03-11-2023 07:32,5,83.39
876,26-07-2023 02:46,26-07-2023 03:16,26-07-2023 03:16,5,76.72
877,09-01-2023 11:10,09-01-2023 11:40,09-01-2023 11:40,7,89.57
878,01-06-2023 16:12,01-06-2023 16:42,01-06-2023 16:42,3,39.32
879,21-04-2023 01:45,21-04-2023 02:15,,5,90.15
880,01-10-2023 06:43,01-10-2023 07:13,01-10-2023 07:13,5,51.77
881,29-10-2023 10:48,29-10-2023 11:18,29-10-2023 11:18,1,70.08
882,12-04-2023 21:54,12-04-2023 22:24,,6,33.03
883,06-02-2023 23:28,06-02-2023 23:58,06-02-2023 23:58,3,78.59
884,04-12-2023 09:41,04-12-2023 10:11,,7,80.29
885,07-10-2023 15:55,07-10-2023 16:25,07-10-2023 16:25,4,38.86
886,12-08-2023 01:29,12-08-2023 01:59,12-08-2023 01:59,6,72.18
887,10-04-2023 20:14,10-04-2023 20:44,10-04-2023 20:44,9,76.12
888,24-07-2023 01:53,24-07-2023 02:23,24-07-2023 02:23,3,89.74
889,17-07-2023 04:33,17-07-2023 05:03,17-07-2023 05:03,9,71.31
890,18-02-2023 14:15,18-02-2023 14:45,18-02-2023 14:45,4,48.35
891,24-12-2023 10:34,24-12-2023 11:04,24-12-2023 11:04,4,69.25
892,09-11-2023 15:43,09-11-2023 16:13,09-11-2023 16:13,8,73.42
893,05-02-2023 05:43,05-02-2023 06:13,05-02-2023 06:13,7,37.5
894,16-09-2023 09:22,16-09-2023 09:52,16-09-2023 09:52,5,35.35
895,18-06-2023 20:33,18-06-2023 21:03,18-06-2023 21:03,4,87.92
896,08-06-2023 04:11,08-06-2023 04:41,08-06-2023 04:41,3,41.56
897,27-11-2023 00:54,27-11-2023 01:24,27-11-2023 01:24,9,52.15
898,03-04-2023 06:13,03-04-2023 06:43,03-04-2023 06:43,6,72.42
899,05-11-2023 04:19,05-11-2023 04:49,05-11-2023 04:49,7,43.35
900,17-02-2023 08:10,17-02-2023 08:40,17-02-2023 08:40,2,28.78
901,09-01-2023 04:05,09-01-2023 04:35,09-01-2023 04:35,1,46.73
902,08-03-2023 23:44,09-03-2023 00:14,09-03-2023 00:14,8,80.82
903,23-10-2023 01:27,23-10-2023 01:57,23-10-2023 01:57,3,51.78
904,16-07-2023 14:56,16-07-2023 15:26,16-07-2023 15:26,8,48.24
905,08-11-2023 21:10,08-11-2023 21:40,08-11-2023 21:40,4,32.07
906,01-07-2023 19:50,01-07-2023 20:20,01-07-2023 20:20,1,83.03
907,16-12-2023 22:04,16-12-2023 22:34,16-12-2023 22:34,9,56.48
908,08-04-2023 09:35,08-04-2023 10:05,08-04-2023 10:05,4,91.64
909,17-10-2023 04:13,17-10-2023 04:43,17-10-2023 04:43,3,30.07
910,04-08-2023 08:08,04-08-2023 08:38,04-08-2023 08:38,1,27.5
911,11-03-2023 09:45,11-03-2023 10:15,11-03-2023 10:15,1,95.59
912,21-12-2023 14:20,21-12-2023 14:50,21-12-2023 14:50,6,98.03
913,06-10-2023 09:20,06-10-2023 09:50,06-10-2023 09:50,9,32.12
914,09-10-2023 13:44,09-10-2023 14:14,09-10-2023 14:14,10,74.05
915,28-04-2023 18:09,28-04-2023 18:39,28-04-2023 18:39,1,88.75
916,14-04-2023 23:29,14-04-2023 23:59,14-04-2023 23:59,7,66.51
917,10-11-2023 04:36,10-11-2023 05:06,,10,87.53
918,04-11-2023 21:41,04-11-2023 22:11,04-11-2023 22:11,5,24.85
919,22-03-2023 14:59,22-03-2023 15:29,22-03-2023 15:29,8,95.98
920,27-07-2023 00:05,27-07-2023 00:35,27-07-2023 00:35,10,60.6
921,07-02-2023 16:35,07-02-2023 17:05,07-02-2023 17:05,7,32.24
922,15-10-2023 09:05,15-10-2023 09:35,15-10-2023 09:35,9,42.61
923,12-03-2023 21:08,12-03-2023 21:38,12-03-2023 21:38,3,66.51
924,07-09-2023 17:12,07-09-2023 17:42,,10,70.53
925,28-06-2023 02:13,28-06-2023 02:43,28-06-2023 02:43,7,39.37
926,19-06-2023 13:13,19-06-2023 13:43,19-06-2023 13:43,2,80.65
927,12-12-2023 05:49,12-12-2023 06:19,12-12-2023 06:19,3,83.53
928,28-10-2023 09:40,28-10-2023 10:10,28-10-2023 10:10,3,60.85
929,01-04-2023 02:01,01-04-2023 02:31,01-04-2023 02:31,1,95.45
930,04-05-2023 16:07,04-05-2023 16:37,04-05-2023 16:37,9,48.61
931,21-10-2023 04:47,21-10-2023 05:17,21-10-2023 05:17,3,57.78
932,09-10-2023 16:12,09-10-2023 16:42,09-10-2023 16:42,5,37.88
933,12-08-2023 21:47,12-08-2023 22:17,12-08-2023 22:17,6,26.76
934,28-02-2023 02:34,28-02-2023 03:04,28-02-2023 03:04,2,51.29
935,16-02-2023 09:29,16-02-2023 09:59,16-02-2023 09:59,3,29.76
936,24-08-2023 09:19,24-08-2023 09:49,24-08-2023 09:49,3,50.28
937,01-08-2023 21:17,01-08-2023 21:47,01-08-2023 21:47,5,54.87
938,07-03-2023 18:36,07-03-2023 19:06,07-03-2023 19:06,1,97.54
939,22-11-2023 08:24,22-11-2023 08:54,22-11-2023 08:54,4,52.76
940,29-08-2023 01:11,29-08-2023 01:41,,3,28.21
941,05-07-2023 22:31,05-07-2023 23:01,05-07-2023 23:01,2,77.95
942,04-08-2023 09:05,04-08-2023 09:35,04-08-2023 09:35,2,59.8
943,27-06-2023 00:03,27-06-2023 00:33,27-06-2023 00:33,3,61.22
944,17-09-2023 10:38,17-09-2023 11:08,17-09-2023 11:08,5,25.34
945,03-06-2023 03:50,03-06-2023 04:20,,4,59.76
946,01-06-2023 16:46,01-06-2023 17:16,01-06-2023 17:16,1,88.13
947,20-04-2023 13:38,20-04-2023 14:08,20-04-2023 14:08,8,52.39
948,21-06-2023 05:17,21-06-2023 05:47,21-06-2023 05:47,5,61.56
949,25-03-2023 06:17,25-03-2023 06:47,25-03-2023 06:47,1,88.07
950,23-05-2023 22:39,23-05-2023 23:09,23-05-2023 23:09,4,70.77
951,06-08-2023 08:19,06-08-2023 08:49,06-08-2023 08:49,3,36.45
952,16-01-2023 17:17,16-01-2023 17:47,16-01-2023 17:47,6,33.01
953,01-09-2023 03:45,01-09-2023 04:15,01-09-2023 04:15,4,74.97
954,08-07-2023 09:23,08-07-2023 09:53,08-07-2023 09:53,2,33.83
955,06-10-2023 01:25,06-10-2023 01:55,06-10-2023 01:55,1,31.04
956,21-05-2023 03:53,21-05-2023 04:23,21-05-2023 04:23,1,72.09
957,04-12-2023 10:38,04-12-2023 11:08,04-12-2023 11:08,2,83.74
958,06-02-2023 13:30,06-02-2023 14:00,,7,28.73
959,09-03-2023 17:09,09-03-2023 17:39,09-03-2023 17:39,4,86.25
960,04-01-2023 07:41,04-01-2023 08:11,04-01-2023 08:11,3,30.3
961,24-11-2023 19:19,24-11-2023 19:49,24-11-2023 19:49,7,84.43
962,14-12-2023 03:44,14-12-2023 04:14,14-12-2023 04:14,3,92.62
963,15-08-2023 15:57,15-08-2023 16:27,15-08-2023 16:27,6,85.26
964,25-10-2023 07:49,25-10-2023 08:19,25-10-2023 08:19,4,95.24
965,29-08-2023 17:20,29-08-2023 17:50,29-08-2023 17:50,2,42.84
966,15-08-2023 11:47,15-08-2023 12:17,15-08-2023 12:17,7,53.76
967,08-02-2023 11:04,08-02-2023 11:34,08-02-2023 11:34,4,70.82
968,20-04-2023 17:26,20-04-2023 17:56,20-04-2023 17:56,1,33.71
969,30-09-2023 15:07,30-09-2023 15:37,30-09-2023 15:37,6,60.31
970,04-01-2023 04:32,04-01-2023 05:02,04-01-2023 05:02,5,51.17
971,17-02-2023 11:22,17-02-2023 11:52,17-02-2023 11:52,7,74.16
972,08-09-2023 01:56,08-09-2023 02:26,08-09-2023 02:26,9,26.27
973,27-02-2023 15:33,27-02-2023 16:03,27-02-2023 16:03,1,74.3
974,24-12-2023 22:05,24-12-2023 22:35,24-12-2023 22:35,3,69.74
975,22-01-2023 16:58,22-01-2023 17:28,22-01-2023 17:28,10,88.48
976,25-11-2023 08:19,25-11-2023 08:49,25-11-2023 08:49,1,43.72
977,21-11-2023 18:28,21-11-2023 18:58,21-11-2023 18:58,1,28.61
978,29-07-2023 03:38,29-07-2023 04:08,29-07-2023 04:08,9,49.98
979,03-10-2023 03:59,03-10-2023 04:29,03-10-2023 04:29,3,89.89
980,20-09-2023 16:55,20-09-2023 17:25,20-09-2023 17:25,6,26.51
981,12-11-2023 17:37,12-11-2023 18:07,12-11-2023 18:07,4,64.91
982,25-03-2023 13:26,25-03-2023 13:56,25-03-2023 13:56,9,42.12
983,21-11-2023 05:01,21-11-2023 05:31,21-11-2023 05:31,8,92.69
984,26-10-2023 05:52,26-10-2023 06:22,26-10-2023 06:22,2,23.7
985,10-10-2023 12:02,10-10-2023 12:32,10-10-2023 12:32,5,30.83
986,25-10-2023 16:06,25-10-2023 16:36,25-10-2023 16:36,3,37.17
987,19-01-2023 20:48,19-01-2023 21:18,19-01-2023 21:18,8,78.51
988,26-08-2023 00:27,26-08-2023 00:57,26-08-2023 00:57,8,87.41
989,14-07-2023 10:08,14-07-2023 10:38,14-07-2023 10:38,3,71.69
990,13-08-2023 15:20,13-08-2023 15:50,13-08-2023 15:50,2,25.47
991,05-02-2023 16:20,05-02-2023 16:50,05-02-2023 16:50,3,31.73
992,09-05-2023 21:42,09-05-2023 22:12,09-05-2023 22:12,4,57.71
993,26-08-2023 14:25,26-08-2023 14:55,26-08-2023 14:55,5,35.91
994,17-06-2023 14:15,17-06-2023 14:45,17-06-2023 14:45,10,97.91
995,01-08-2023 09:38,01-08-2023 10:08,01-08-2023 10:08,10,47.24
996,11-12-2023 07:09,11-12-2023 07:39,11-12-2023 07:39,10,57.59
997,27-12-2023 06:15,27-12-2023 06:45,27-12-2023 06:45,3,23.35
998,18-06-2023 13:18,18-06-2023 13:48,18-06-2023 13:48,1,61.33
999,30-05-2023 12:20,30-05-2023 12:50,30-05-2023 12:50,1,59.14
1000,15-05-2023 10:26,15-05-2023 10:56,15-05-2023 10:56,1,21.96
